round_epochs,loss,mape,val_loss,val_mape,lr,first_neuron,hidden_layers,batch_size,epochs,dropout,shapes,activation
500,1174.458740234375,290.90869140625,16025.1689453125,139.83477783203125,0.22000000000000003,20,2,18,500,0.30000000000000004,funnel,relu
500,4834.015625,100.0,24476.37890625,100.0,0.4600000000000001,20,1,26,500,0.1,brick,relu
500,377.9181823730469,166.1363067626953,11707.017578125,91.25065612792969,0.4600000000000001,20,1,10,500,0.0,brick,relu
500,4834.01611328125,100.0,24476.37890625,100.0,0.14,20,1,26,500,0.2,funnel,relu
