round_epochs,loss,mape,val_loss,val_mape,lr,first_neuron,hidden_layers,batch_size,epochs,dropout,shapes,activation
500,1500.0101318359375,279.91546630859375,16811.79296875,139.79066467285156,0.18000000000000002,10,3,14,500,0.2,funnel,relu
500,2345.580078125,495.1921691894531,19601.0390625,253.93911743164062,0.4600000000000001,20,1,22,500,0.4,funnel,relu
